1,C,G,A,A,G,G,A,G,A,G,A,A,A,A,A,G,G,G,A,G,A,A,A,A,C,C,A,A,A,A,C,C,C,C,G,G,G,G,C,C,G,G,G,G,C,G,A,A,G,G,G,G,A,T,A,G,A,A,A,G,A,G,G,G,A,C,A,C
1,C,G,A,A,A,G,A,G,A,G,A,A,A,G,A,G,G,G,A,A,A,A,A,G,A,C,A,G,G,G,C,C,C,C,G,G,G,G,C,C,G,G,G,G,C,G,A,A,A,G,G,G,A,A,G,G,A,A,A,G,A,G,G,G,A,C,C,C
1,C,G,A,A,A,A,A,G,G,G,A,A,G,G,A,G,G,G,A,A,A,A,A,G,C,C,A,A,G,G,C,C,C,C,G,G,G,G,C,C,G,G,G,G,G,G,A,A,G,G,G,G,A,T,A,G,A,A,A,G,G,G,G,G,C,C,C,C
1,C,G,A,A,A,A,A,G,G,G,A,C,A,G,A,G,A,G,A,A,A,T,A,A,A,C,A,A,G,G,C,C,C,C,A,G,G,G,C,C,C,G,G,G,G,G,A,A,A,G,G,G,A,T,A,G,A,A,A,G,A,A,A,G,A,C,C,C
1,C,G,A,A,A,A,A,G,G,G,A,A,A,G,A,G,-9,-9,A,G,A,A,A,A,C,C,A,G,G,G,C,C,C,C,G,G,G,G,C,C,G,G,G,G,G,G,A,A,A,G,G,G,T,T,G,G,A,A,A,A,A,A,G,G,C,C,A,C
1,-9,-9,A,A,A,A,A,G,G,G,A,A,G,G,A,G,G,G,A,A,A,A,A,G,C,C,G,G,G,G,C,C,C,C,G,G,G,G,C,C,G,G,G,G,G,G,A,G,G,G,G,G,T,T,A,G,A,A,A,G,A,A,G,G,C,C,C,C
1,G,G,A,A,A,A,A,G,A,G,A,C,A,G,A,G,A,G,A,A,A,T,A,A,C,C,A,G,G,G,C,C,C,C,A,G,G,G,C,C,G,G,G,G,C,G,A,G,A,G,G,G,T,T,G,G,A,A,A,G,A,A,G,G,C,C,C,C
1,C,G,A,A,A,A,A,G,G,G,A,C,G,G,A,G,G,G,A,A,A,T,A,A,C,C,A,A,A,A,C,C,C,C,A,G,G,G,C,C,G,G,G,G,G,G,A,A,G,G,G,G,T,T,A,G,A,A,A,G,A,A,G,G,C,C,A,C
1,C,G,A,A,A,A,G,G,A,G,A,A,A,G,A,G,A,G,A,A,A,A,A,G,C,C,A,A,G,G,C,C,C,C,G,G,G,G,C,C,G,G,G,G,C,G,A,A,G,G,G,G,A,T,A,G,A,A,A,G,A,A,G,G,C,C,A,C
1,C,G,A,A,A,A,G,G,G,G,A,C,G,G,A,G,G,G,A,G,A,A,A,G,A,C,A,G,G,G,C,C,C,C,A,G,G,G,C,C,G,G,G,G,G,G,A,A,G,G,G,G,T,T,A,G,A,A,A,G,A,A,G,G,C,C,A,C
1,C,C,A,A,A,G,A,G,A,A,A,C,A,A,A,G,A,G,A,A,A,A,A,G,C,C,A,G,A,G,C,C,C,C,A,G,G,G,C,C,G,G,G,G,C,C,A,A,G,G,G,G,A,A,G,G,A,A,A,G,A,A,G,G,C,C,A,C
1,C,G,A,A,A,A,A,G,G,G,C,C,G,G,A,G,A,G,A,A,A,T,A,G,C,C,A,A,G,G,C,C,C,C,A,A,G,G,C,C,G,G,G,G,G,G,A,A,G,G,G,G,A,T,G,G,A,A,A,G,A,A,G,G,C,C,A,C
1,C,G,A,A,A,A,A,G,A,G,A,C,A,A,A,G,A,G,A,A,A,A,G,G,A,C,A,G,G,G,C,C,C,C,A,G,G,G,C,C,C,G,G,G,C,G,A,A,G,G,G,G,T,T,G,G,A,A,A,G,A,A,G,G,C,C,A,C
1,C,G,A,A,A,G,A,G,A,G,A,A,G,G,A,G,A,G,A,A,A,A,A,G,C,C,A,G,A,A,C,C,C,C,G,G,G,G,A,C,G,G,G,G,C,G,A,A,G,G,G,G,A,A,G,G,A,T,A,G,A,A,G,G,A,C,A,C
1,C,G,A,A,A,A,A,G,G,G,A,A,G,G,A,G,A,G,A,G,A,A,A,G,C,C,A,A,A,G,C,C,C,C,G,G,G,G,A,C,G,G,G,G,G,G,A,A,G,G,G,G,A,T,G,G,A,A,A,A,A,A,G,G,C,C,C,C
1,C,G,C,C,A,G,A,G,G,G,A,C,G,G,A,G,G,G,A,A,A,A,A,G,C,C,A,A,A,A,C,C,C,C,A,G,A,A,C,C,G,G,G,G,-9,-9,A,A,G,G,G,G,A,T,A,G,A,A,A,G,A,A,G,G,C,C,A,A
1,C,G,A,A,A,A,A,G,A,G,A,A,G,G,A,G,G,G,A,G,A,A,A,A,C,C,A,A,G,G,C,C,C,C,G,G,G,G,A,C,C,G,G,G,C,G,A,A,G,G,G,G,A,T,A,G,A,A,A,G,A,A,G,G,C,C,A,C
1,C,G,A,A,A,A,A,G,G,G,A,C,A,G,A,G,A,G,A,A,A,A,A,G,C,C,A,G,G,G,C,C,C,C,A,G,G,G,C,C,C,G,G,G,G,G,A,G,G,G,G,G,T,T,G,G,A,A,A,G,A,A,G,G,C,C,C,C
1,C,G,A,A,A,A,A,G,G,G,A,A,A,G,A,G,G,G,A,A,A,A,A,A,C,C,A,A,G,G,C,C,C,C,G,G,G,G,C,C,C,G,G,G,G,G,A,G,G,G,G,G,T,T,G,G,A,A,A,G,A,A,G,G,C,C,A,C
1,C,G,A,A,A,A,A,G,G,G,A,C,G,G,A,G,A,G,A,A,A,A,A,A,C,C,A,A,G,G,C,C,C,C,A,G,G,G,A,C,C,G,G,G,G,G,A,A,G,G,G,G,A,T,G,G,A,A,A,G,A,A,G,G,C,C,C,C
1,C,G,A,A,A,A,A,G,G,G,A,C,G,G,A,G,G,G,A,A,A,A,A,A,C,C,A,A,A,G,C,C,C,C,A,G,G,G,C,C,C,G,G,G,G,G,A,A,G,G,G,G,A,T,G,G,A,A,A,G,A,A,G,G,A,C,A,C
1,C,C,A,A,A,A,A,G,G,G,A,C,A,G,A,G,G,G,A,A,A,A,A,A,C,C,A,G,A,A,C,C,C,C,A,G,G,G,A,C,G,G,G,G,G,G,A,A,A,G,G,G,T,T,G,G,A,T,A,G,A,A,G,G,A,C,A,C
1,C,G,A,A,A,A,A,G,G,G,C,C,G,G,A,G,G,G,A,A,A,T,A,G,C,C,A,A,G,G,C,G,C,C,A,A,G,G,C,C,G,G,C,G,G,G,A,A,G,G,G,G,A,T,G,G,A,A,A,G,A,G,G,G,A,C,C,C
1,C,C,A,A,A,A,A,G,G,G,A,A,A,G,A,G,G,G,A,A,A,A,A,A,C,C,A,A,G,G,C,C,C,C,G,G,G,G,A,C,G,G,G,G,G,G,A,A,A,G,G,G,T,T,A,G,A,A,A,G,A,A,G,G,C,C,A,C
1,C,G,A,A,A,A,A,G,A,G,A,C,A,G,A,G,G,G,A,A,A,T,A,A,C,C,A,A,G,G,C,C,C,C,A,G,G,G,A,C,G,G,G,G,C,G,A,A,A,G,G,G,A,A,G,G,A,T,A,G,A,A,G,G,C,C,A,C
1,C,G,A,A,A,G,A,G,G,G,A,A,G,G,A,G,G,G,A,A,A,A,A,A,C,C,A,G,G,G,C,C,C,C,G,G,G,G,A,C,G,G,G,G,G,G,A,A,A,G,G,G,A,A,G,G,A,T,A,G,A,A,G,G,C,C,C,C
1,C,G,A,A,A,A,A,G,G,G,A,A,A,G,A,G,G,G,A,G,A,A,A,G,C,C,A,G,G,G,C,C,C,C,G,G,G,G,C,C,G,G,G,G,G,G,A,A,G,G,G,G,T,T,G,G,A,A,A,G,A,A,G,G,C,C,A,C
1,C,C,A,A,A,G,A,G,G,G,A,A,G,G,A,G,G,G,A,G,A,A,A,A,C,C,A,G,G,G,C,C,C,C,G,G,G,G,A,C,G,G,G,G,G,G,A,A,G,G,G,G,T,T,G,G,A,A,A,G,A,A,G,G,A,C,A,A
1,C,G,A,A,A,A,A,G,A,G,A,A,G,G,A,G,G,G,A,A,A,A,A,A,C,C,A,G,G,G,C,C,C,C,G,G,G,G,A,C,G,G,G,G,C,G,A,A,G,G,G,G,A,A,A,G,A,A,A,G,A,G,G,G,C,C,A,C
1,C,G,A,A,A,A,A,G,A,G,A,C,A,G,A,G,G,G,A,G,A,A,A,A,C,C,A,G,A,A,C,C,C,C,A,G,G,G,C,C,G,G,G,G,C,G,A,A,G,G,G,G,A,T,G,G,A,A,A,G,A,A,G,G,C,C,C,C
1,C,C,A,A,G,G,A,G,A,G,A,A,A,G,A,G,A,G,A,A,A,A,A,A,C,C,A,G,A,A,C,C,C,G,G,G,G,G,C,C,G,G,G,G,C,G,A,A,A,G,G,G,T,T,G,G,A,A,A,G,A,A,G,G,C,C,A,C
1,C,C,A,A,A,G,A,G,A,A,A,A,G,G,A,G,A,G,A,A,A,A,A,A,C,C,A,G,A,A,C,C,C,G,G,G,G,G,A,C,G,G,G,G,C,C,A,A,G,G,G,G,T,T,G,G,A,A,A,G,A,A,G,G,A,C,A,C
1,C,C,A,A,G,G,A,G,A,G,A,A,A,G,A,G,A,G,A,A,A,A,A,G,C,C,G,G,-9,-9,C,C,C,G,G,G,G,G,C,C,G,G,G,G,C,G,A,A,G,G,G,G,A,T,G,G,A,A,A,G,A,A,G,G,C,C,A,C
1,C,C,A,C,G,G,A,G,G,G,A,A,G,G,A,G,A,G,A,G,A,A,A,G,C,C,A,A,A,A,C,C,C,C,G,G,A,G,A,C,G,G,G,G,G,G,A,A,A,G,G,G,T,T,A,G,A,A,A,G,A,A,G,G,A,C,A,C
1,C,C,A,A,G,G,A,G,A,G,A,A,A,G,A,G,G,G,A,G,A,A,A,A,C,C,G,G,A,A,C,C,C,C,G,G,G,G,C,C,G,G,G,G,C,G,A,G,G,G,G,G,T,T,G,G,A,A,A,G,A,A,G,G,A,C,C,C
1,C,C,A,A,A,G,A,G,G,G,A,A,A,G,A,G,G,G,A,G,A,A,A,A,C,C,A,G,A,A,C,C,C,G,G,G,G,G,C,C,G,G,G,G,G,G,A,A,G,G,G,G,T,T,G,G,A,A,A,G,A,A,G,G,A,C,A,C
1,C,C,A,A,G,G,A,G,A,A,A,A,G,G,A,G,A,G,A,A,A,A,A,G,C,C,A,A,A,A,C,C,C,G,G,G,G,G,A,C,G,G,G,G,C,C,A,A,A,G,G,G,T,T,G,G,A,A,A,A,A,A,G,G,A,C,C,C
1,C,C,A,A,A,G,A,G,G,G,A,A,G,G,A,G,G,G,G,G,A,A,A,A,A,C,A,G,A,G,C,C,C,G,G,G,G,G,C,C,G,G,G,G,G,G,A,G,G,G,G,G,T,T,G,G,A,T,A,G,A,A,G,G,A,C,A,C
2,C,G,A,A,A,A,A,G,G,G,C,C,G,G,A,G,G,G,A,A,A,A,A,G,C,C,A,A,G,G,C,C,C,C,A,A,G,G,A,C,G,G,G,G,G,G,A,A,A,G,G,G,T,T,G,G,A,A,A,G,A,A,G,G,C,C,C,C
2,C,G,A,A,A,G,A,G,A,G,C,C,G,G,A,G,G,G,A,A,A,T,A,G,A,C,A,A,G,G,C,C,C,C,A,A,G,G,A,C,G,G,G,G,C,G,A,A,G,G,G,G,A,T,G,G,A,A,A,G,A,A,G,G,C,C,A,C
2,C,G,A,C,A,A,A,G,A,G,C,C,G,G,A,G,-9,-9,A,A,A,A,A,G,A,A,A,A,A,G,C,C,C,C,A,A,A,G,C,C,G,G,G,G,C,G,A,A,G,G,G,G,A,A,G,G,A,A,A,G,A,A,G,G,A,C,A,A
2,C,G,A,A,A,G,A,G,G,G,C,C,G,G,A,A,A,G,A,G,A,T,A,A,A,C,A,A,A,G,C,C,C,C,A,A,G,G,C,C,G,G,G,G,G,G,A,A,G,G,G,G,A,T,G,G,A,A,A,G,A,G,G,G,A,C,C,C
2,C,G,A,A,A,A,G,G,A,G,C,C,G,G,A,G,G,G,A,A,A,T,A,G,C,C,A,A,G,G,C,C,C,C,A,A,G,G,A,C,G,G,G,G,C,G,A,A,G,G,G,G,A,T,G,G,A,A,A,G,A,A,G,G,C,C,A,C
2,C,G,A,A,A,A,A,G,G,G,C,C,A,G,A,G,-9,-9,A,A,A,T,A,A,C,C,A,A,G,G,C,C,C,C,A,A,G,G,C,C,G,G,G,G,G,G,A,A,A,G,G,G,A,A,A,G,A,A,A,G,A,G,A,G,A,C,C,C
2,C,G,A,A,A,A,A,G,G,G,A,C,G,G,A,G,G,G,A,A,A,A,A,G,A,C,A,A,G,G,C,C,C,C,A,G,G,G,A,C,G,G,G,G,G,G,A,A,A,G,G,G,A,T,A,G,A,A,A,G,A,A,G,G,A,C,A,C
2,C,G,A,A,A,A,A,G,G,G,C,C,G,G,A,G,G,G,A,A,A,T,G,G,C,C,A,A,A,G,C,C,C,C,A,A,G,G,C,C,G,G,G,G,G,G,A,A,G,G,G,G,A,T,G,G,A,A,A,G,A,A,G,G,A,C,A,A
2,C,G,A,A,A,A,A,G,G,G,A,C,A,G,A,G,G,G,A,A,A,T,A,G,A,C,A,A,G,G,C,C,C,C,A,G,G,G,C,C,C,G,C,G,G,G,A,A,G,G,G,G,A,T,G,G,A,A,A,G,A,A,A,G,A,C,C,C
2,C,G,A,A,A,A,A,G,G,G,A,C,G,G,A,G,G,G,A,A,A,A,A,G,A,C,A,A,G,G,C,C,C,C,A,G,-9,-9,A,C,G,G,G,G,G,G,A,A,A,G,G,G,A,T,A,G,A,A,A,G,A,A,G,G,A,C,A,C
2,C,G,A,A,A,A,A,G,G,G,C,C,G,G,A,G,G,G,A,A,A,T,A,A,A,C,A,A,G,G,C,C,C,C,A,A,G,G,C,C,C,G,C,G,G,G,A,A,A,G,G,G,A,T,G,G,A,A,A,G,A,A,G,G,A,C,C,C
2,C,G,A,A,A,A,A,G,G,G,C,C,A,G,A,G,G,G,A,A,A,T,G,G,A,C,A,A,A,G,C,C,C,C,A,A,G,G,C,C,G,G,G,G,G,G,A,A,G,G,G,G,A,A,A,G,A,A,A,G,A,A,G,G,C,C,C,C
2,C,C,A,A,A,A,A,G,G,G,C,C,A,G,A,G,A,G,A,A,A,A,A,G,C,C,A,A,G,G,C,C,C,C,A,A,G,G,A,A,C,G,G,G,G,G,A,A,A,G,G,G,A,A,A,G,A,A,A,G,A,A,A,G,C,C,C,C
3,C,G,A,A,A,G,A,G,G,G,A,C,G,G,A,G,A,G,A,A,A,T,G,G,C,C,A,G,G,G,C,G,C,C,A,G,G,G,C,C,G,G,G,G,G,G,A,A,G,G,G,G,A,A,A,G,A,A,A,G,A,A,G,G,A,C,C,C
3,C,G,A,A,A,A,A,G,G,G,A,C,G,G,A,G,G,G,A,A,A,T,G,G,C,C,A,A,G,G,C,C,C,C,A,G,G,G,C,C,G,G,G,G,G,G,A,A,G,G,C,G,A,T,G,G,A,A,A,G,A,A,G,G,A,C,C,C
3,-9,-9,A,A,A,A,A,G,A,G,A,C,G,G,A,G,G,G,A,A,A,T,G,G,C,C,A,A,G,G,C,C,C,C,A,G,G,G,C,C,G,G,G,G,C,G,A,A,G,G,G,G,A,T,G,G,A,A,A,G,A,A,G,G,A,C,A,C
3,C,G,A,A,A,A,A,G,G,G,C,C,G,G,A,G,A,G,A,A,A,T,G,G,C,C,A,A,G,G,C,C,C,C,A,A,G,G,C,C,G,G,G,G,G,G,A,A,G,G,C,G,T,T,G,G,A,A,A,G,A,A,A,A,A,C,C,C
3,C,G,A,A,A,A,A,G,G,G,A,C,G,G,A,G,A,G,A,A,A,T,A,G,C,C,A,A,G,G,C,C,C,C,A,G,G,G,C,C,G,G,G,G,G,G,A,A,G,G,C,G,A,A,G,G,A,A,A,G,A,G,A,A,A,C,A,C
3,C,G,A,A,A,A,A,G,G,G,C,C,G,G,A,A,A,G,A,A,T,T,A,G,C,C,A,A,G,G,C,G,C,C,A,A,G,G,C,C,G,G,G,G,G,G,A,A,G,G,C,G,A,T,G,G,A,A,A,G,A,G,A,G,A,C,C,C
3,C,G,A,A,A,A,A,G,A,G,A,C,G,G,A,G,A,G,A,A,A,T,G,G,C,C,A,A,G,G,C,C,C,C,A,G,G,G,C,C,G,G,G,G,C,G,A,A,G,G,C,G,T,T,G,G,A,A,A,G,A,G,A,G,A,C,A,C
3,C,G,A,A,A,A,A,G,G,G,C,C,G,G,A,G,A,A,A,A,A,T,G,G,C,C,A,A,G,G,C,C,C,C,A,A,G,G,A,C,C,G,G,G,G,G,A,A,G,G,C,G,A,T,G,G,A,A,A,G,A,A,A,G,A,C,A,C
3,C,G,A,A,A,A,A,G,G,G,A,A,G,G,A,G,G,G,A,A,A,A,A,G,A,C,A,G,G,G,C,C,C,C,G,G,G,G,C,C,G,G,G,G,G,G,A,A,G,G,C,G,T,T,G,G,A,A,A,G,A,A,A,A,A,C,A,C
3,C,G,A,A,A,A,A,G,G,G,C,C,G,G,A,G,G,G,A,A,A,T,A,G,A,C,A,A,G,G,C,C,C,C,A,A,G,G,C,C,G,G,G,G,G,G,A,A,A,G,C,G,A,A,G,G,A,A,A,G,A,A,A,G,A,C,A,C
3,C,G,A,A,A,A,A,G,G,G,A,C,G,G,A,G,-9,-9,A,A,A,A,G,G,A,C,A,A,G,G,C,C,C,C,A,G,G,G,C,C,C,G,G,G,G,G,A,A,G,G,C,G,-9,-9,G,G,A,A,A,G,A,G,A,G,A,C,A,C
3,C,G,A,A,A,G,A,G,G,G,A,C,A,G,A,A,-9,-9,A,A,A,A,G,G,A,C,A,A,G,G,C,C,C,C,A,G,G,G,C,C,G,G,G,G,G,G,A,A,A,G,C,G,A,A,G,G,A,A,A,G,A,G,A,G,A,C,A,C
3,C,G,A,A,A,A,A,G,G,G,C,C,G,G,A,G,G,G,A,A,A,A,G,G,A,C,A,A,G,G,C,C,C,C,A,A,G,G,C,C,G,G,G,G,G,G,A,A,G,G,C,G,T,T,G,G,A,A,A,G,A,A,A,G,A,C,A,A
3,C,G,A,A,A,A,A,G,G,G,C,C,G,G,A,G,G,G,A,A,A,A,A,G,A,C,A,A,G,G,C,C,C,C,A,A,G,G,C,C,G,G,G,G,G,G,A,A,G,G,C,G,A,T,G,G,A,A,A,G,A,A,A,G,A,C,A,A
3,C,G,A,A,A,A,A,G,G,G,C,C,G,G,A,G,-9,-9,A,A,A,A,A,G,C,C,A,A,G,G,C,C,C,C,A,A,G,G,A,C,C,G,G,G,G,G,A,A,G,G,G,G,A,T,G,G,A,A,A,G,A,A,A,G,A,C,A,C
3,C,G,A,A,A,A,A,G,G,G,A,C,G,G,A,G,A,G,A,A,A,T,A,A,A,C,A,G,G,G,C,C,C,C,A,G,G,G,C,C,C,G,G,G,G,G,A,A,G,G,G,G,A,T,G,G,A,A,A,G,A,A,G,G,A,C,C,C
3,C,G,A,A,A,A,A,G,G,G,C,C,A,G,A,G,A,A,A,A,A,T,G,G,C,C,A,A,G,G,C,C,C,C,A,A,G,G,A,C,G,G,G,G,G,G,A,A,G,G,C,G,A,T,G,G,A,A,A,G,A,G,A,A,C,C,C,C
3,C,G,A,A,A,A,A,G,G,G,C,C,G,G,A,A,G,G,A,A,T,T,A,G,C,C,A,A,G,G,C,C,C,C,A,A,G,G,C,C,G,G,G,G,G,G,A,A,G,G,G,G,A,T,G,G,A,A,A,G,A,A,A,G,A,C,C,C
3,C,G,A,A,A,A,A,G,G,G,C,C,G,G,A,G,G,G,A,A,A,T,G,G,C,C,A,A,G,G,C,G,C,C,A,A,G,G,C,C,G,G,G,G,G,G,A,A,G,G,C,G,A,A,G,G,A,A,A,G,A,G,A,G,A,C,C,C
3,C,G,A,A,A,A,A,G,G,G,C,C,G,G,A,A,G,G,A,A,A,A,G,G,C,C,A,A,G,G,C,G,C,C,A,A,G,G,C,C,G,G,G,G,G,G,A,A,G,G,G,G,A,T,G,G,A,A,A,G,A,A,G,G,A,C,C,C
3,C,G,A,A,A,A,A,G,G,G,A,C,G,G,A,G,G,G,A,A,A,A,G,G,A,C,A,G,A,G,C,C,C,C,A,G,G,G,C,C,G,G,G,G,G,G,A,A,G,G,C,G,A,T,G,G,A,A,A,G,A,A,A,G,A,C,C,C
3,C,C,A,A,A,A,A,G,G,G,C,C,G,G,A,G,G,G,A,A,A,T,A,G,A,C,A,A,G,G,C,C,C,C,A,A,G,G,C,C,G,G,G,G,G,G,A,A,G,G,C,G,A,T,G,G,A,A,A,G,A,A,A,G,A,C,C,C
3,C,G,A,A,A,A,A,G,G,G,C,C,G,G,A,G,G,G,A,A,A,A,G,G,C,C,A,A,G,G,C,C,C,C,A,A,G,G,C,C,G,G,G,G,G,G,A,A,G,G,C,G,T,T,G,G,A,A,A,G,A,A,A,A,A,C,C,C
3,C,G,A,A,A,A,A,G,G,G,C,C,G,G,A,G,A,G,A,A,A,T,A,A,C,C,A,A,G,G,C,C,C,C,A,A,G,G,C,C,G,G,G,G,G,G,A,A,G,G,C,C,T,T,G,G,A,T,A,G,A,A,A,A,A,C,C,C
3,C,G,A,A,A,A,A,A,G,G,C,C,G,G,A,G,A,G,A,A,T,T,A,A,C,C,A,A,A,G,G,G,C,C,A,A,G,G,C,C,C,C,G,G,G,G,A,G,A,G,G,G,A,T,A,A,A,A,A,G,A,A,A,A,A,C,C,C
3,C,G,A,A,A,G,A,A,G,G,C,C,G,G,A,G,A,G,A,A,T,T,A,A,C,C,A,A,A,G,G,G,C,C,A,A,G,G,C,C,C,G,G,G,G,G,G,G,G,G,C,G,A,T,A,A,A,A,A,G,A,A,A,A,A,C,A,C
3,C,G,A,A,A,G,A,A,G,G,C,C,G,G,A,G,A,G,A,A,T,T,A,A,C,C,A,A,A,G,G,G,C,C,A,A,G,G,C,C,G,G,G,G,G,G,G,G,A,G,C,C,A,A,A,A,A,A,A,G,A,A,A,A,A,C,A,C
3,C,G,A,A,A,A,A,A,G,G,C,C,G,G,A,G,A,G,A,A,T,T,A,A,C,C,A,A,G,G,G,G,C,C,A,A,G,G,C,C,C,C,G,G,G,G,A,A,A,A,C,G,A,A,A,A,A,A,A,G,A,A,A,A,A,C,A,A
3,C,G,A,A,A,G,A,G,G,G,C,C,G,G,A,G,A,G,A,A,T,T,A,G,C,C,A,A,A,A,C,G,C,C,A,A,G,G,C,C,C,G,G,G,G,G,A,A,G,G,C,G,A,T,A,A,A,A,A,G,A,G,A,G,A,C,A,C
3,C,G,A,C,A,G,A,G,G,G,A,C,G,G,A,A,G,G,A,A,A,T,G,G,C,C,A,A,G,G,C,C,C,C,A,G,A,G,C,C,G,G,C,G,G,G,A,A,G,G,C,G,A,T,G,G,A,A,A,G,A,A,A,A,C,C,C,C
3,C,G,A,C,A,G,A,G,A,G,C,C,G,G,A,A,A,G,A,A,A,T,A,A,C,C,A,A,G,G,C,C,C,C,A,A,A,G,C,C,G,G,C,G,C,G,A,A,G,G,C,G,A,A,A,G,A,A,A,G,A,G,G,G,C,C,C,C
3,C,G,A,A,A,A,A,G,G,G,C,C,G,G,A,G,G,G,A,A,A,A,A,A,C,C,A,A,G,G,C,G,C,C,A,A,G,G,C,C,G,G,G,G,G,G,A,A,G,G,C,G,T,T,G,G,A,A,A,G,A,A,A,G,A,C,A,C
3,C,C,A,A,A,G,A,G,G,G,C,C,A,G,A,A,G,G,A,A,A,A,G,G,A,C,A,A,G,G,C,C,C,C,A,A,G,G,C,C,G,G,C,G,G,G,A,A,G,G,C,C,T,T,G,G,A,A,A,G,A,A,A,A,C,C,C,C
3,C,G,A,A,A,G,A,G,G,G,C,C,A,G,A,G,-9,-9,A,A,T,T,A,A,C,C,A,A,G,G,C,G,C,C,A,A,G,G,C,C,G,G,G,G,G,G,A,A,G,G,C,C,T,T,G,G,A,A,A,G,A,A,A,A,A,C,C,C
3,C,G,A,A,A,A,A,G,G,G,-9,-9,G,G,A,G,G,G,A,G,A,T,A,G,C,C,A,G,G,G,C,C,C,C,A,G,G,G,C,C,G,G,C,G,G,G,A,A,A,G,C,G,T,T,G,G,A,A,A,G,A,A,G,G,C,C,C,C
3,C,C,A,A,A,A,A,G,G,G,A,C,G,G,A,G,G,G,A,A,A,T,A,G,C,C,A,G,G,G,C,G,C,C,A,G,G,G,C,C,G,G,C,G,G,G,A,A,G,G,G,G,A,T,G,G,A,A,A,G,A,G,G,G,A,C,C,C
3,C,G,A,A,A,A,A,G,G,G,A,A,G,G,A,G,A,G,A,G,A,A,G,G,C,C,G,G,G,G,C,C,C,C,G,G,G,G,C,C,G,G,G,G,G,G,A,A,A,G,G,G,A,T,G,G,A,A,A,G,A,G,G,G,A,C,C,C
3,C,G,A,A,A,A,A,G,G,G,A,C,G,G,A,G,G,G,A,A,A,A,G,G,A,C,A,A,G,G,C,C,C,C,A,G,G,G,C,C,G,G,G,G,G,G,A,A,A,G,G,G,A,T,G,G,A,A,A,G,A,G,G,G,C,C,C,C
3,C,G,A,A,A,A,A,G,G,G,C,C,G,G,A,G,-9,-9,A,A,A,A,G,G,C,C,A,A,G,G,C,C,C,C,A,A,G,G,C,C,C,G,G,G,G,G,A,A,G,G,G,G,A,A,G,G,A,A,A,G,A,A,G,G,A,C,A,C
4,C,G,A,A,A,A,A,G,G,G,C,C,G,G,A,G,-9,-9,A,A,T,T,A,G,C,C,A,A,G,G,C,C,C,C,A,A,G,G,C,C,G,G,G,G,G,G,A,A,G,G,G,G,A,A,A,G,A,A,A,G,A,A,G,G,A,C,C,C
4,C,G,A,A,A,A,A,G,G,G,A,C,G,G,A,A,A,G,A,A,A,A,A,G,C,C,A,G,G,G,C,G,C,C,A,G,G,G,C,C,G,G,C,G,G,G,A,A,G,G,C,G,T,T,G,G,A,A,A,G,A,G,A,G,A,C,C,C
4,C,G,A,C,A,A,A,G,G,G,C,C,G,G,A,G,G,G,A,A,A,T,A,G,C,C,A,A,G,G,C,C,C,C,A,A,A,G,C,C,G,G,G,G,G,G,A,A,A,G,C,G,A,T,G,G,A,A,A,G,A,G,A,G,C,C,C,C
4,C,G,-9,-9,A,G,A,G,A,G,C,C,G,G,A,A,A,G,A,A,A,T,A,A,C,C,A,A,G,G,C,C,C,C,A,A,A,G,C,C,G,G,C,G,C,G,A,A,G,G,C,G,A,A,A,G,A,A,A,G,A,G,G,G,C,C,C,C
4,C,G,A,C,A,A,A,G,G,G,C,C,G,G,A,G,A,G,A,A,A,A,A,G,C,C,A,A,G,G,C,G,C,C,A,A,A,G,C,C,G,G,G,G,G,G,A,A,A,G,G,G,A,T,G,G,A,A,A,G,A,G,G,G,C,C,C,C
4,C,G,A,A,A,A,A,G,G,G,C,C,G,G,A,G,G,G,A,A,T,T,G,G,C,C,A,A,G,G,C,C,C,C,A,A,G,G,C,C,G,G,G,G,G,G,A,A,G,G,C,G,T,T,G,G,A,A,A,G,G,G,A,G,A,C,A,C
4,C,G,A,A,A,G,A,G,G,G,C,C,G,G,A,G,G,G,A,A,A,T,A,A,C,C,A,A,A,G,C,G,C,C,A,A,G,G,A,C,G,G,G,G,G,G,A,A,G,G,C,G,A,T,G,G,A,A,A,G,G,G,A,A,C,C,A,C
4,C,G,A,A,A,A,A,G,G,G,C,C,G,G,A,G,-9,-9,A,A,A,A,A,G,C,C,A,A,G,G,C,G,C,C,A,A,G,G,C,C,G,G,G,G,G,G,A,A,G,G,G,G,A,A,G,G,A,A,A,G,A,G,A,G,C,C,A,C
4,C,G,A,A,A,A,A,G,G,G,A,C,G,G,A,G,A,G,A,A,A,T,A,G,C,C,A,G,G,G,C,G,C,C,A,G,G,G,C,C,G,G,G,G,G,G,A,A,G,G,C,G,A,T,G,G,A,A,A,G,A,G,A,G,C,C,A,C
4,C,G,A,A,A,G,A,G,G,G,C,C,G,G,A,G,A,G,A,A,T,T,A,G,C,C,A,A,G,G,C,G,C,C,A,A,G,G,A,C,G,G,G,G,G,G,A,A,G,G,C,G,A,A,A,G,A,A,A,G,A,G,A,G,A,C,A,C
4,C,G,A,C,A,A,A,G,G,G,A,C,G,G,A,G,G,G,A,A,A,A,A,G,C,C,A,A,G,G,C,C,C,C,A,G,A,G,C,C,G,G,G,G,G,G,A,A,G,G,C,G,A,T,G,G,A,A,A,G,A,G,G,G,A,C,C,C
4,C,G,A,A,A,A,A,G,G,G,A,C,G,G,A,G,G,G,A,A,A,A,A,G,C,C,A,A,G,G,C,C,C,C,A,G,G,G,C,C,G,G,G,G,-9,-9,A,A,G,G,C,G,A,A,G,G,A,A,A,G,A,A,G,G,C,C,A,C
4,C,G,A,A,A,A,A,G,G,G,A,C,G,G,A,G,G,G,A,A,A,A,A,G,C,C,A,A,G,G,C,C,C,C,A,G,G,G,C,C,G,G,G,G,G,G,A,A,G,G,C,G,A,T,G,G,A,A,A,G,A,A,A,G,A,C,C,C
4,C,G,A,A,A,A,A,G,G,G,A,C,G,G,A,G,G,G,A,A,A,T,A,G,C,C,A,G,G,G,C,G,C,C,A,G,G,G,C,C,G,G,G,G,G,G,A,A,G,G,G,G,A,T,G,G,A,A,A,G,A,A,G,G,A,C,A,C
4,C,G,A,A,A,A,A,G,G,G,A,C,G,G,A,G,A,G,A,A,A,T,G,G,C,C,A,G,G,G,C,C,C,C,A,G,G,G,C,C,C,G,G,G,G,G,A,A,G,G,G,G,A,A,G,G,A,A,A,G,A,G,G,G,A,C,C,C
4,C,G,A,A,A,A,A,G,G,G,A,C,G,G,A,G,A,G,A,A,A,A,G,G,C,C,G,G,G,G,C,C,C,C,G,G,G,G,C,C,G,G,G,G,G,G,A,A,G,G,G,G,A,A,G,G,A,A,A,G,A,G,G,G,A,C,C,C
4,C,G,A,A,A,A,A,G,G,G,A,C,G,G,A,G,-9,-9,A,A,A,A,G,G,C,C,G,G,G,G,C,C,C,C,G,G,G,G,C,C,G,G,G,G,G,G,A,A,G,G,G,G,A,T,G,G,A,A,A,G,A,A,G,G,A,C,A,C
4,C,G,A,A,A,A,A,G,G,G,C,C,G,G,A,G,G,G,A,A,A,T,A,G,C,C,A,A,G,G,C,G,C,C,A,A,G,G,C,C,G,G,G,G,G,G,A,A,G,G,G,G,A,T,G,G,A,A,A,G,A,A,G,G,A,C,A,C
4,C,G,A,C,A,A,A,G,A,G,C,C,G,G,A,G,G,G,A,A,T,T,G,G,A,C,A,A,G,G,C,C,C,C,A,A,A,G,C,C,G,G,G,G,C,G,A,A,G,G,C,G,A,T,G,G,A,A,A,G,A,A,A,G,C,C,A,C
4,C,G,C,C,A,A,A,G,A,A,C,C,G,G,A,A,A,G,A,A,A,T,A,A,A,C,A,A,G,G,C,C,C,C,A,A,A,A,C,C,G,G,G,G,C,C,A,A,G,G,C,G,A,A,G,G,A,A,A,G,A,G,A,A,C,C,C,C
4,C,G,A,A,A,A,A,G,G,G,C,C,G,G,A,G,G,G,A,A,A,T,A,A,A,C,A,A,G,G,C,C,C,C,A,A,G,G,C,C,G,G,C,G,G,G,A,A,A,G,G,G,A,A,A,G,A,A,A,G,A,A,A,G,C,C,C,C
4,C,G,A,A,A,A,A,G,G,G,C,C,A,G,A,G,G,G,A,A,A,T,A,A,A,C,A,A,G,G,C,C,C,C,A,A,G,G,C,C,G,G,G,G,G,G,A,A,A,G,G,G,A,A,G,G,A,A,A,G,A,A,G,G,A,C,C,C
4,C,C,A,A,A,A,A,A,G,G,C,C,G,G,A,G,G,G,A,A,A,T,A,G,C,C,A,A,G,G,C,C,C,C,A,A,G,G,C,C,G,G,G,G,G,G,A,A,G,G,C,G,A,A,G,G,A,A,A,G,A,A,G,G,C,C,A,A
4,C,G,A,A,A,A,A,G,G,G,A,C,A,G,A,G,A,G,A,A,A,T,A,A,A,C,A,A,G,G,C,C,C,C,A,G,G,G,C,C,C,G,G,G,G,G,A,A,A,G,G,G,A,T,A,G,A,A,A,G,A,A,A,G,A,C,C,C
4,C,G,A,A,A,A,A,G,G,G,C,C,G,G,A,G,G,G,A,A,A,T,A,A,A,C,A,A,G,G,C,C,C,C,A,A,G,G,C,C,G,G,G,G,G,G,A,A,G,G,C,G,A,A,G,G,A,A,A,G,A,A,G,G,A,C,A,C
4,-9,-9,A,A,A,G,A,G,G,G,C,C,G,G,A,G,A,G,A,A,A,T,A,G,C,C,A,A,A,G,C,C,C,C,A,A,G,G,C,C,G,G,G,G,G,G,A,A,A,G,C,G,A,T,G,G,A,A,A,G,G,G,A,G,C,C,A,C
4,C,G,A,A,A,A,A,G,G,G,C,C,G,G,A,G,G,G,A,A,T,T,G,G,A,C,A,A,G,G,C,C,C,C,A,A,G,G,C,C,G,G,C,G,G,G,A,A,G,G,C,G,A,A,A,G,A,A,A,G,A,A,A,A,A,C,A,C
4,-9,-9,A,A,A,A,A,G,G,G,A,C,G,G,A,G,A,G,A,A,A,T,A,A,A,C,A,G,G,G,C,C,C,C,A,G,G,G,C,C,G,G,G,G,G,G,A,A,G,G,C,G,A,T,G,G,A,A,A,G,A,A,G,G,A,C,A,C
4,-9,-9,A,A,A,A,A,G,G,G,C,C,G,G,A,G,G,G,A,A,T,T,A,G,C,C,A,A,G,G,C,C,C,C,A,A,G,G,C,C,G,G,G,G,G,G,A,A,G,G,C,G,A,A,A,A,A,A,A,G,A,A,A,A,A,C,A,A
4,C,G,A,A,A,A,A,G,G,G,C,C,G,G,A,G,G,G,A,A,A,T,A,A,C,C,A,A,G,G,C,C,C,C,A,A,G,G,C,C,G,G,C,G,G,G,A,A,G,G,C,G,A,A,A,G,A,A,A,G,A,A,G,G,A,C,A,C
4,C,G,A,A,A,A,A,G,G,G,C,C,G,G,A,G,G,G,-9,-9,A,T,G,G,C,C,A,A,G,G,C,C,C,C,A,A,G,G,C,C,G,G,C,G,G,G,A,A,G,G,G,G,T,T,G,G,A,A,A,G,A,G,G,G,A,C,C,C
4,C,G,A,A,A,A,A,G,G,G,C,C,G,G,A,G,A,G,A,A,A,A,G,G,C,C,A,A,G,G,C,C,C,C,A,A,G,G,C,C,G,G,C,G,G,G,A,A,G,G,G,G,A,T,G,G,A,A,A,G,A,G,G,G,C,C,C,C
4,C,G,A,C,A,A,A,G,G,G,C,C,G,G,A,G,G,G,A,A,A,A,G,G,A,C,A,A,G,G,C,C,C,C,A,A,A,G,C,C,G,G,C,C,G,G,A,A,G,G,G,G,A,T,A,G,A,T,A,G,G,G,G,G,C,C,A,C
4,C,G,A,A,A,A,A,G,G,G,A,C,G,G,A,G,G,G,A,A,A,A,G,G,C,C,A,G,G,G,C,C,C,C,A,G,G,G,C,C,G,G,C,G,G,G,A,A,G,G,G,G,A,A,G,G,A,A,A,G,A,A,G,G,A,C,A,C
4,C,G,A,A,A,A,A,G,G,G,C,C,A,G,A,G,G,G,A,A,A,A,G,G,A,C,A,A,G,G,C,C,C,C,A,A,G,G,C,C,G,G,C,G,G,G,A,A,G,G,G,G,A,T,A,G,A,A,A,G,A,A,G,G,A,C,C,C
4,C,G,A,A,A,A,A,G,G,G,A,C,G,G,A,G,G,G,A,A,A,T,G,G,C,C,A,G,G,G,C,C,C,C,A,G,G,G,C,C,G,G,C,G,G,G,A,A,G,G,G,G,A,A,G,G,A,A,A,G,A,A,G,G,A,C,A,C
4,C,G,A,A,A,A,A,G,G,G,A,C,G,G,A,G,G,G,A,A,A,T,G,G,A,C,A,G,G,G,C,C,C,C,A,G,G,G,C,C,G,G,G,G,G,G,A,A,A,G,G,G,A,A,-9,-9,A,A,A,G,G,G,G,G,A,C,C,C
4,C,G,A,A,A,A,A,G,G,G,C,C,G,G,A,G,A,G,A,A,A,A,A,G,A,C,A,A,G,G,C,C,C,C,A,A,G,G,C,C,G,G,C,G,G,G,A,A,G,G,G,G,A,T,G,G,A,A,A,G,A,G,G,G,C,C,C,C
4,C,G,A,A,A,G,A,G,G,G,C,C,G,G,A,A,A,G,A,A,A,T,A,A,C,C,A,A,G,G,C,C,C,C,A,A,G,G,C,C,G,G,C,G,G,G,A,A,G,G,C,G,A,T,G,G,A,A,A,G,A,A,A,A,A,C,C,C
4,C,G,A,A,A,A,A,G,G,G,C,C,G,G,A,G,A,G,A,A,A,A,G,G,C,C,A,A,G,G,C,C,C,C,A,A,G,G,C,C,G,G,C,G,G,G,A,A,G,G,G,G,A,T,G,G,A,A,A,G,A,G,G,G,C,C,A,C
4,C,G,A,A,A,A,A,G,G,G,A,C,G,G,A,A,G,G,A,A,A,A,G,G,C,C,A,A,G,G,C,C,C,C,A,G,G,G,C,C,G,G,G,G,G,G,A,A,G,G,G,G,T,T,G,G,A,A,A,G,A,A,G,G,C,C,C,C
4,C,G,A,A,A,A,A,G,G,G,C,C,G,G,A,A,G,G,A,A,A,A,A,G,C,C,A,A,G,G,C,C,C,C,A,A,G,G,C,C,G,G,C,G,G,G,A,A,G,G,G,G,T,T,G,G,A,A,A,G,A,A,G,G,C,C,C,C
4,C,G,A,A,A,A,A,G,G,G,C,C,G,G,A,A,G,G,A,A,A,T,G,G,C,C,A,A,G,G,C,C,C,C,A,A,G,G,C,C,G,G,G,G,G,G,A,A,A,G,G,G,A,T,G,G,A,A,A,G,A,G,G,G,C,C,C,C
4,C,G,A,A,A,A,A,G,G,G,A,C,G,G,A,G,G,G,A,A,A,A,G,G,C,C,A,A,G,G,C,C,C,C,A,G,G,G,C,C,G,G,G,G,G,G,A,A,G,G,G,G,A,T,G,G,A,A,A,G,G,G,G,G,C,C,A,C
4,C,G,A,A,A,G,A,G,G,G,A,C,G,G,A,G,A,G,A,A,A,A,A,G,C,C,A,A,G,G,C,C,C,C,A,G,G,G,C,C,G,G,G,G,G,G,A,A,G,G,G,G,A,T,G,G,A,A,A,G,A,G,G,G,C,C,A,C
4,C,G,A,A,A,A,A,G,G,G,C,C,G,G,A,G,G,G,A,A,A,A,G,G,C,C,A,A,G,G,C,C,C,C,A,A,G,G,C,C,G,G,G,G,G,G,A,A,G,G,G,G,T,T,G,G,A,A,A,G,A,G,G,G,C,C,C,C
5,C,G,A,A,A,A,A,G,G,G,C,C,G,G,A,G,A,G,A,A,A,T,A,A,C,C,A,A,G,G,C,C,C,C,A,A,G,G,C,C,G,G,G,G,G,G,A,A,G,G,G,G,A,A,G,G,A,A,A,G,A,A,G,G,A,C,A,C
5,C,G,A,A,A,G,A,G,G,G,C,C,G,G,A,G,A,G,A,A,A,A,A,A,C,C,A,A,G,G,C,C,C,C,A,A,G,G,C,C,C,G,G,G,G,G,A,A,G,G,G,G,A,A,G,G,A,A,A,G,A,G,G,G,A,C,C,C
5,C,G,A,A,A,G,A,G,G,G,C,C,G,G,A,A,G,G,A,A,A,A,A,G,C,C,A,A,G,G,C,C,C,C,A,A,G,G,C,C,G,G,G,G,G,G,A,A,G,G,G,G,A,T,G,G,A,A,A,G,A,A,G,G,A,C,C,C
5,C,G,A,A,A,A,A,G,G,G,C,C,A,G,A,G,G,G,A,A,A,T,A,G,C,C,A,A,G,G,C,C,C,C,A,A,G,G,C,C,G,G,G,G,G,G,A,A,G,G,G,G,T,T,G,G,A,A,A,G,A,A,G,G,A,C,C,C
5,C,G,A,A,A,G,A,G,G,G,C,C,G,G,A,G,G,G,A,A,A,T,A,A,C,C,A,A,G,G,C,C,C,C,A,A,G,G,C,C,G,G,G,G,G,G,A,A,G,G,C,G,A,A,A,G,A,A,A,G,A,A,G,G,A,C,A,C
5,C,G,A,A,A,G,A,G,G,G,C,C,G,G,A,G,G,G,A,A,A,T,G,G,C,C,A,A,G,G,C,G,C,C,A,A,G,G,C,C,G,G,G,G,G,G,A,A,G,G,G,G,T,T,G,G,A,A,A,G,A,A,G,G,A,C,C,C
5,C,G,A,A,A,A,A,G,G,G,C,C,G,G,A,G,G,G,A,A,A,T,A,G,C,C,A,A,G,G,C,G,C,C,A,A,G,G,C,C,G,G,G,G,G,G,A,A,G,G,G,G,A,T,-9,-9,A,A,A,G,-9,-9,G,G,A,C,C,C
5,C,G,A,A,A,A,A,G,G,G,C,C,G,G,A,G,G,G,A,A,A,T,A,A,C,C,A,A,G,G,C,G,C,C,A,A,G,G,C,C,G,G,C,G,G,G,A,A,G,G,G,G,A,T,G,G,A,A,A,G,A,A,G,G,A,C,C,C
5,C,G,A,A,G,G,A,G,G,G,C,C,G,G,A,G,-9,-9,A,A,A,T,G,G,A,C,A,A,G,G,C,G,C,C,A,A,G,G,C,C,G,G,G,G,G,G,A,A,G,G,G,G,A,A,G,G,A,A,A,G,A,A,G,G,A,C,C,C
5,C,G,A,A,A,G,A,G,G,G,A,A,G,G,A,G,G,G,A,A,A,A,G,G,C,C,A,A,G,G,C,C,C,C,G,G,G,G,C,C,G,G,G,G,G,G,A,A,G,G,G,G,A,T,A,G,A,A,A,G,A,G,G,G,A,C,C,C
5,C,G,A,A,A,A,A,G,G,G,-9,-9,G,G,A,A,G,G,A,A,A,T,A,A,C,C,A,A,G,G,C,C,C,C,A,G,G,G,C,C,G,G,C,G,G,G,A,A,G,G,G,G,T,T,G,G,A,A,A,G,A,A,A,G,A,C,C,C
5,C,G,A,A,A,A,A,G,G,G,A,C,G,G,A,G,G,G,A,A,A,A,A,G,C,C,A,G,G,G,C,C,C,C,A,G,G,G,C,C,G,G,G,G,G,G,A,A,G,G,G,G,A,A,G,G,A,A,A,G,A,A,G,G,A,C,C,C
5,C,G,A,A,A,A,A,G,G,G,C,C,G,G,A,G,G,G,A,A,A,T,G,G,C,C,A,A,A,G,C,C,C,C,A,A,G,G,C,C,G,G,G,G,G,G,A,A,A,G,G,G,T,T,G,G,A,A,A,G,A,A,G,G,A,C,A,C
5,C,G,A,A,A,A,A,G,G,G,A,C,G,G,A,A,A,G,A,A,A,A,A,G,C,C,A,A,G,G,C,C,C,C,A,G,G,G,C,C,C,G,C,G,G,G,A,A,A,G,G,G,A,A,G,G,A,A,A,G,A,A,G,G,A,C,C,C
5,C,G,A,A,A,A,A,G,A,G,C,C,G,G,A,G,G,G,A,A,A,A,G,G,C,C,A,A,G,G,C,C,C,C,A,A,G,G,C,C,G,G,-9,-9,C,G,A,A,A,G,G,G,A,A,G,G,A,T,A,G,A,A,G,G,A,C,C,C
5,C,G,A,A,A,A,A,G,G,G,A,C,G,G,A,G,A,G,A,A,A,T,A,A,C,C,A,A,G,G,C,C,C,C,A,G,G,G,C,C,C,G,G,G,G,G,A,A,G,G,G,G,A,T,G,G,A,A,A,G,-9,-9,G,G,A,C,C,C
5,C,G,A,A,A,G,A,G,G,G,C,C,G,G,A,G,G,G,A,A,A,T,A,G,C,C,A,A,G,G,C,G,C,C,A,A,G,G,A,A,G,G,G,G,G,G,A,A,G,G,G,G,A,T,G,G,A,A,A,G,A,G,G,G,A,C,C,C
5,C,G,A,A,A,A,A,G,G,G,C,C,G,G,A,A,G,G,A,A,A,A,G,G,C,C,A,A,G,G,C,C,C,C,A,A,G,G,C,C,G,G,G,G,G,G,A,A,G,G,G,G,A,T,G,G,A,A,A,G,A,A,G,G,A,C,C,C
5,C,G,A,A,A,A,A,G,G,G,C,C,G,G,A,A,G,G,A,A,A,A,A,G,C,C,A,A,G,G,C,C,C,C,A,A,G,G,C,C,G,G,G,G,G,G,A,A,G,G,G,G,A,A,A,G,A,A,A,G,A,G,G,G,A,C,C,C
5,C,G,A,A,A,A,A,G,G,G,C,C,G,G,A,G,A,G,A,A,A,T,A,G,C,C,A,A,G,G,C,C,C,C,A,A,G,G,A,C,G,G,G,G,G,G,A,A,G,G,G,G,A,T,G,G,A,A,A,G,A,A,G,G,A,C,C,C
5,C,G,A,A,A,A,A,G,G,G,A,C,G,G,A,G,G,G,A,A,A,T,G,G,C,C,A,G,G,G,C,C,C,C,A,G,G,G,C,C,G,G,C,G,G,G,A,A,G,G,G,G,T,T,A,G,A,A,A,G,A,A,G,G,A,C,C,C
5,C,G,A,A,A,A,A,G,G,G,C,C,G,G,A,G,G,G,A,A,A,T,G,G,A,C,A,A,G,G,C,C,C,C,A,A,G,G,C,C,G,G,G,G,G,G,A,A,G,G,G,G,A,T,G,G,A,A,A,G,A,A,G,G,A,C,A,C
5,C,G,A,A,A,A,A,G,G,G,C,C,G,G,A,A,G,G,A,A,A,A,G,G,C,C,A,A,G,G,C,C,C,C,A,A,G,G,C,C,G,G,G,G,G,G,A,A,G,G,G,G,A,T,G,G,A,A,A,G,A,A,G,G,A,C,C,C
5,C,C,A,C,A,A,A,G,G,G,C,C,G,G,A,A,G,G,A,A,T,T,G,G,A,C,A,A,G,G,C,C,C,C,A,A,A,G,C,C,G,G,G,G,G,G,A,A,G,G,G,G,T,T,G,G,A,A,A,G,A,A,G,G,A,C,A,C
5,C,G,A,A,A,A,A,G,G,G,C,C,G,G,A,G,G,G,A,A,A,T,A,A,C,C,A,A,G,G,C,C,C,C,A,A,G,G,C,C,G,G,G,G,G,G,A,A,G,G,G,G,T,T,A,A,A,A,A,G,A,A,G,G,A,C,C,C
5,C,G,A,A,A,A,A,G,G,G,A,C,G,G,A,G,G,G,A,A,A,A,A,A,C,C,A,A,G,G,C,C,C,C,A,G,G,G,C,C,G,G,G,G,G,G,A,A,G,G,G,G,A,A,A,G,A,A,A,G,A,A,G,G,A,C,C,C
5,C,G,A,A,A,G,A,G,G,G,A,C,G,G,A,G,A,A,A,A,A,A,A,G,C,C,A,G,G,G,C,C,C,C,A,G,G,G,C,C,G,G,G,G,G,G,A,A,A,G,G,G,A,T,G,G,A,A,A,G,A,A,G,G,A,C,A,C
5,C,G,A,A,A,A,A,G,G,G,A,A,G,G,A,G,A,G,A,G,A,A,G,G,C,C,G,G,G,G,C,C,C,C,G,G,G,G,C,C,G,G,G,G,G,G,A,A,G,G,G,G,T,T,A,G,A,A,A,G,A,A,G,G,A,C,A,C
5,C,C,A,A,A,G,A,G,G,G,A,C,G,G,A,G,A,A,A,A,A,T,A,G,C,C,A,G,G,G,C,G,C,C,A,G,G,G,C,C,G,G,G,G,G,G,A,A,A,G,G,G,A,T,A,G,A,A,A,G,A,G,G,G,C,C,A,C
5,C,C,A,A,A,A,A,G,G,G,C,C,G,G,A,G,G,G,A,A,A,A,G,G,C,C,A,A,G,G,C,C,C,C,A,A,G,G,C,C,G,G,G,G,G,G,A,A,A,G,C,G,A,T,G,G,A,A,A,G,A,A,A,G,C,C,A,C
5,C,G,A,A,A,A,A,G,G,G,C,C,G,G,G,G,G,G,A,A,A,T,A,G,C,C,A,A,G,G,C,C,C,C,A,A,G,G,C,C,G,G,C,G,G,G,A,A,G,G,G,G,A,T,G,G,A,A,A,G,A,G,G,G,A,C,C,C
5,C,G,A,A,A,A,A,G,G,G,C,C,G,G,A,G,G,G,A,G,A,T,A,G,C,C,A,A,G,G,C,C,C,C,A,A,G,G,C,C,G,G,G,G,G,G,A,A,G,G,C,G,A,A,G,G,A,A,A,G,A,G,A,G,A,C,C,C
5,C,G,A,A,A,A,A,G,A,G,C,C,G,G,A,G,G,G,A,A,A,T,A,G,C,C,A,A,G,G,C,C,C,C,A,A,G,G,C,C,G,G,G,G,C,G,A,A,G,G,C,G,T,T,G,G,A,A,A,G,A,G,A,G,A,C,C,C
5,C,G,A,A,A,G,A,G,G,G,C,C,G,G,A,G,A,G,A,A,A,T,A,G,C,C,A,A,G,G,C,C,C,C,A,A,G,G,C,C,G,G,G,G,G,G,A,A,G,G,C,G,A,T,G,G,A,A,A,G,A,G,A,G,C,C,C,C
5,C,G,A,A,A,A,A,G,G,G,C,C,G,G,A,G,A,G,A,A,A,T,A,G,C,C,A,A,G,G,C,C,C,C,A,A,G,G,C,C,G,G,G,G,G,G,A,A,G,G,G,G,A,T,G,G,A,A,A,G,A,G,G,G,C,C,C,C
5,C,G,A,A,A,A,A,G,G,G,A,C,G,G,A,G,A,G,A,A,A,A,A,G,C,C,A,G,G,G,C,C,C,C,A,G,G,G,C,C,G,G,G,G,G,G,A,A,A,G,C,G,T,T,G,G,A,A,A,G,A,A,A,G,A,C,C,C
5,C,G,A,A,A,A,A,G,A,G,C,C,G,G,A,G,G,G,A,A,A,T,A,G,A,C,A,A,G,G,C,C,C,C,A,A,G,G,C,C,G,G,G,G,C,G,A,A,G,G,G,G,A,T,G,G,A,A,A,G,A,A,G,G,C,C,A,C
6,C,G,A,A,A,A,A,G,G,G,C,C,G,G,A,G,G,G,A,A,A,T,A,G,C,C,A,A,G,G,C,C,C,C,A,A,G,G,A,C,G,G,G,G,G,G,A,A,G,G,G,G,A,A,G,G,A,A,A,G,A,A,G,G,A,C,C,C
6,C,G,A,A,A,A,A,G,G,G,C,C,G,G,A,A,G,G,A,A,A,T,G,G,C,C,A,A,G,G,C,C,C,C,A,A,G,G,C,C,G,G,G,G,G,G,A,A,G,G,G,G,A,A,G,G,A,T,A,G,A,A,G,G,A,C,C,C
6,C,G,A,A,A,A,A,G,G,G,C,C,G,G,A,G,G,G,A,A,A,A,A,A,C,C,A,A,G,G,C,C,C,C,A,G,G,G,A,C,G,G,G,G,G,G,A,A,G,G,G,G,A,A,G,G,A,A,A,G,A,A,G,G,A,C,A,C
6,C,G,A,A,A,A,A,G,G,G,C,C,G,G,A,G,A,G,A,A,A,T,A,G,C,C,A,A,G,G,C,C,C,C,A,A,G,G,C,C,G,G,C,G,G,G,A,A,A,G,C,G,A,A,G,G,A,A,A,G,A,G,A,G,A,C,C,C
6,C,G,A,A,A,A,A,G,A,G,C,C,G,G,A,G,G,G,A,A,A,A,A,A,C,C,A,A,G,G,C,C,C,C,A,A,G,G,A,C,G,G,C,G,C,G,A,A,A,G,G,G,T,T,G,G,A,A,A,G,A,A,G,G,A,C,C,C
6,C,G,A,A,A,A,A,G,G,G,C,C,G,G,A,G,G,G,A,A,A,T,A,G,C,C,A,A,G,G,C,C,C,C,A,A,G,G,A,C,G,G,C,G,G,G,A,A,A,G,G,G,T,T,G,G,A,A,A,G,A,G,G,G,A,C,C,C
6,C,G,A,A,A,A,A,G,G,G,C,C,A,G,A,G,A,G,A,A,A,T,A,G,C,C,A,A,G,G,C,C,C,C,A,A,G,G,A,C,G,G,G,G,G,G,A,A,A,G,G,G,A,T,G,G,A,A,A,G,A,G,A,G,A,C,C,C
6,C,G,A,A,A,A,A,G,A,G,C,C,A,G,A,G,G,G,A,A,A,T,A,G,C,C,A,A,G,G,C,C,C,C,A,A,G,G,C,C,G,G,G,G,C,G,A,A,A,G,G,G,A,T,G,G,A,A,A,G,A,G,G,G,A,C,C,C
6,C,G,A,A,A,A,A,G,G,G,C,C,A,G,A,G,G,G,A,A,A,A,G,G,A,C,A,A,G,G,C,C,C,C,A,G,G,G,C,C,C,G,G,G,G,G,A,A,G,G,G,G,A,A,G,G,A,A,A,G,A,A,G,G,A,C,C,C
6,C,G,A,A,A,A,A,G,G,G,C,C,G,G,A,A,G,G,A,A,A,A,A,G,A,C,A,A,G,G,C,C,C,C,A,G,G,G,C,C,G,G,G,G,G,G,A,A,A,G,G,G,A,A,G,G,A,A,A,G,A,A,G,G,A,C,A,C
6,C,G,A,A,A,A,A,G,G,G,A,C,G,G,A,G,A,G,A,A,A,T,A,A,A,C,A,A,G,G,C,C,C,C,G,G,G,G,C,C,C,G,G,G,G,G,A,A,A,A,G,G,A,A,G,G,A,A,A,G,A,A,G,G,A,C,C,C
6,C,G,A,A,A,A,A,G,G,G,C,C,G,G,A,G,G,G,A,A,A,A,A,G,A,C,A,A,G,G,C,C,C,C,G,G,G,G,C,C,G,G,G,G,G,G,A,G,G,G,G,G,A,T,G,G,A,A,A,G,A,A,G,G,A,C,A,C
6,C,G,A,A,A,A,A,G,A,G,A,C,G,G,A,G,G,G,A,A,A,A,A,G,C,C,A,G,G,G,C,C,C,C,A,G,G,G,A,A,G,G,G,G,C,G,A,A,A,G,G,G,T,T,G,G,A,A,A,G,A,G,G,G,A,C,C,C
6,C,G,A,A,A,A,A,G,G,G,C,C,G,G,A,G,A,G,A,A,A,T,G,G,C,C,A,A,G,G,C,C,C,C,A,A,G,G,C,C,G,G,G,G,G,G,A,A,G,G,G,G,A,A,G,G,A,A,A,G,A,A,G,G,A,C,C,C
6,C,G,A,A,A,A,A,G,G,G,C,C,A,G,A,G,A,G,A,A,T,T,A,G,C,C,A,A,G,G,C,C,C,C,A,A,G,G,C,C,G,G,G,G,G,G,A,A,G,G,G,G,A,A,G,G,A,A,A,G,A,A,G,G,A,C,C,C
6,C,G,A,A,A,A,A,G,G,G,C,C,G,G,A,G,G,G,A,A,A,T,A,A,C,C,A,A,G,G,C,C,C,C,A,A,G,G,C,C,G,G,G,G,G,G,A,A,G,G,G,G,A,A,G,G,A,A,A,G,A,G,G,G,A,C,C,C
6,C,G,A,A,A,G,A,G,G,G,C,C,G,G,A,A,A,G,A,A,T,T,A,G,C,C,A,A,G,G,C,C,C,C,A,A,G,G,C,C,G,G,G,G,G,G,A,A,G,G,G,G,A,T,A,G,A,A,A,G,A,A,G,G,A,C,C,C
6,C,G,A,A,A,A,A,G,G,G,C,C,G,G,A,G,G,G,A,A,A,A,A,G,C,C,A,A,G,G,C,C,C,C,A,A,G,G,C,C,G,G,G,G,G,G,A,A,G,G,G,G,A,A,G,G,A,A,A,G,A,A,G,G,A,C,A,C
6,C,G,A,A,A,A,A,G,G,G,C,C,G,G,A,G,G,G,A,A,T,T,G,G,C,C,A,A,G,G,C,C,C,C,A,A,G,G,C,C,G,G,G,G,G,G,A,A,G,G,G,G,A,A,G,G,A,T,A,G,A,A,G,G,A,C,C,C
6,C,G,A,A,A,A,A,G,G,G,A,C,G,G,A,G,G,G,A,A,A,T,A,G,C,C,A,A,G,G,C,C,C,C,A,G,G,G,C,C,G,G,G,G,G,G,A,A,G,G,G,G,A,A,G,G,A,A,A,G,A,A,G,G,A,C,C,C
6,C,G,A,A,A,A,A,G,G,G,A,C,G,G,A,G,G,G,A,A,A,T,A,G,C,C,A,A,G,G,C,C,C,C,A,G,G,G,A,C,G,G,G,G,G,G,A,A,G,G,G,G,A,A,G,G,A,A,A,G,A,A,G,G,A,C,C,C
6,C,G,A,A,A,A,A,G,G,G,C,C,G,G,A,G,G,G,A,A,A,T,A,G,C,C,A,A,G,G,C,C,C,C,A,A,G,G,C,C,C,G,G,G,G,G,A,A,G,G,G,G,A,T,G,G,A,A,A,G,A,A,G,G,A,C,C,C
6,C,C,A,A,A,A,A,G,G,G,A,A,G,G,A,G,G,G,A,A,A,A,A,A,C,C,A,A,G,G,C,G,C,C,G,G,G,G,A,C,G,G,G,G,G,G,A,A,G,G,G,G,A,A,G,G,A,A,A,G,A,A,G,G,A,C,C,C
6,C,G,A,A,A,G,A,G,G,G,C,C,G,G,A,G,A,G,A,A,A,T,A,G,C,C,A,A,G,G,C,C,C,C,A,A,G,G,C,C,G,G,G,G,G,G,A,A,G,G,G,G,A,A,G,G,A,A,A,G,A,A,G,G,A,C,C,C
6,C,G,A,A,A,G,G,G,G,G,C,C,G,G,A,G,G,G,A,A,A,A,G,G,C,C,A,A,G,G,C,C,C,C,A,A,G,G,C,C,G,G,C,G,G,G,A,A,G,G,G,G,A,A,G,G,A,A,A,G,A,A,G,G,A,C,C,C
6,C,G,A,A,A,A,A,G,A,G,A,C,G,G,A,G,G,G,A,A,A,A,A,G,C,C,A,G,G,G,C,C,C,C,A,G,G,G,A,A,G,G,G,G,C,G,A,A,A,G,G,G,T,T,G,G,A,A,A,G,A,G,G,G,A,C,C,C
6,C,G,A,A,A,A,A,G,G,G,A,C,G,G,A,G,A,G,A,A,A,T,G,G,C,C,A,A,G,G,C,C,C,C,A,G,G,G,C,C,G,G,C,G,G,G,A,A,G,G,G,G,A,A,G,G,A,A,A,G,A,A,G,G,A,C,C,C
6,C,G,A,A,A,A,A,G,G,G,C,C,G,G,A,G,G,G,A,A,A,T,G,G,C,C,A,A,G,G,C,C,C,C,A,A,G,G,C,C,G,G,G,G,G,G,A,A,G,G,G,G,A,T,G,G,A,A,A,G,A,A,G,G,A,C,A,C
6,C,C,A,A,A,A,A,G,G,G,C,C,G,G,A,G,G,G,A,A,A,A,G,G,C,C,A,A,G,G,C,C,C,C,A,G,G,G,C,C,G,G,G,G,G,G,A,A,G,G,G,G,A,A,G,G,A,A,A,G,A,G,G,G,A,C,A,C
6,C,G,A,A,A,A,A,G,A,G,C,C,G,G,A,G,G,G,A,A,A,A,A,G,A,C,A,A,G,G,C,C,C,C,A,A,G,G,C,C,G,G,G,G,C,G,A,A,G,G,G,G,A,T,G,G,A,A,A,G,A,A,G,G,A,C,A,C
6,C,G,A,A,A,A,A,G,G,G,C,C,G,G,A,G,G,G,A,A,A,T,A,G,C,C,A,A,G,G,C,C,C,C,A,A,G,G,C,C,G,G,G,G,G,G,A,A,G,G,G,G,A,T,G,G,A,A,A,G,A,A,G,G,A,C,A,C
6,C,G,A,A,A,G,A,G,G,G,C,C,G,G,A,G,G,G,A,A,A,A,A,G,C,C,A,A,G,G,C,G,C,C,A,A,G,G,C,C,G,G,G,G,G,G,A,A,A,G,C,G,A,A,G,G,A,A,A,G,A,G,A,G,C,C,A,C
6,C,G,A,A,A,A,A,G,G,G,C,C,G,G,A,G,A,G,A,A,A,A,G,G,C,C,A,A,G,G,C,C,C,C,A,A,G,G,C,C,G,G,C,G,G,G,A,A,G,G,G,G,A,T,G,G,A,A,A,G,A,A,G,G,A,C,A,C
7,C,G,A,A,A,A,A,G,G,G,C,C,G,G,A,G,G,G,A,A,A,A,G,G,C,C,A,A,G,G,C,C,C,C,A,A,G,G,C,C,G,G,C,C,G,G,A,A,G,G,G,G,A,T,G,G,A,T,A,G,A,A,G,G,A,C,C,C
7,C,G,A,A,A,A,A,G,G,G,C,C,G,G,A,G,G,G,A,A,A,A,G,G,C,C,A,A,G,G,C,C,C,C,A,A,G,G,C,C,G,G,C,C,G,G,A,A,G,G,G,G,A,A,G,G,A,A,A,G,A,A,G,G,A,C,C,C
7,C,G,A,A,A,A,A,G,G,G,C,C,G,G,A,G,G,G,A,A,A,T,A,A,C,C,A,A,G,G,C,C,C,C,A,A,G,G,C,C,G,G,G,G,G,G,A,A,G,G,G,G,A,A,A,G,A,A,A,G,A,A,G,G,A,C,A,C
7,C,C,A,A,A,A,A,G,G,G,C,C,G,G,A,G,G,G,A,A,A,T,A,A,C,C,A,A,G,G,C,C,C,C,A,A,G,G,C,C,G,G,C,G,G,G,A,A,G,G,G,G,A,T,G,G,A,A,A,G,A,A,G,G,A,C,C,C
7,C,G,A,A,A,A,A,G,G,G,C,C,G,G,A,G,G,G,A,A,A,T,A,A,C,C,A,A,G,G,C,C,C,C,A,A,G,G,C,C,G,G,G,G,G,G,A,A,G,G,G,G,A,T,G,G,A,A,A,G,A,A,G,G,A,C,C,C
7,C,G,A,A,A,A,A,G,G,G,C,C,G,G,A,G,G,G,A,A,A,A,A,G,C,C,A,A,G,G,C,G,C,C,A,A,G,G,C,C,G,G,C,G,G,G,A,A,G,G,G,G,T,T,G,G,A,A,A,G,A,A,G,G,A,C,C,C
7,C,G,A,A,A,G,A,G,A,G,C,C,G,G,A,G,G,G,A,A,A,A,A,G,C,C,A,A,G,G,C,C,C,C,A,A,G,G,C,C,G,G,C,C,C,G,A,A,G,G,G,G,A,A,G,G,T,T,A,G,A,A,G,G,A,C,C,C
7,C,G,A,A,A,A,A,G,G,G,C,C,G,G,A,G,A,G,A,A,A,A,G,G,C,C,A,A,G,G,C,C,C,C,A,A,G,G,C,C,G,G,C,C,G,G,A,A,A,G,G,G,A,A,G,G,A,T,A,G,A,A,G,G,A,C,A,C
7,C,G,A,A,A,A,A,G,G,G,A,C,G,G,A,G,A,G,A,A,A,A,G,G,C,C,A,A,G,G,C,C,C,C,A,G,G,G,C,C,G,G,C,G,G,G,A,A,G,G,G,G,A,T,G,G,A,A,A,G,A,G,G,G,A,C,C,C
7,C,G,A,A,A,A,A,G,G,G,A,C,G,G,A,G,A,G,A,A,A,T,A,G,C,C,A,A,G,G,C,C,C,C,A,G,G,G,C,C,G,G,G,G,G,G,A,A,G,G,G,G,A,T,G,G,A,A,A,G,A,A,G,G,A,C,C,C
7,C,G,A,A,A,A,A,G,G,G,C,C,G,G,A,G,G,G,A,A,T,T,G,G,C,C,A,A,G,G,C,G,C,C,A,A,G,G,C,C,G,G,C,G,G,G,A,A,G,G,G,G,A,T,G,G,A,A,A,G,A,A,G,G,A,C,C,C
7,C,G,A,A,A,A,A,G,G,G,C,C,G,G,A,G,G,G,A,A,A,A,G,G,C,C,A,A,G,G,C,G,C,C,A,A,G,G,C,C,G,G,C,G,G,G,A,A,G,G,G,G,A,A,G,G,A,A,A,G,A,A,G,G,A,C,C,C
7,C,G,A,A,A,A,A,G,G,G,C,C,G,G,A,A,A,G,A,A,A,T,A,G,C,C,A,A,G,G,C,C,C,C,A,A,G,G,C,C,G,G,G,G,G,G,A,A,G,G,G,G,A,A,G,G,A,A,A,G,A,G,G,G,A,C,A,C
7,C,G,A,A,A,G,A,G,G,G,C,C,G,G,A,G,A,G,A,A,T,T,A,G,C,C,A,A,G,G,C,C,C,C,A,A,G,G,C,C,G,G,G,G,G,G,A,A,G,G,G,G,A,A,G,G,A,A,A,G,A,G,G,G,A,C,C,C
7,C,C,A,A,A,A,A,G,A,G,C,C,G,G,A,G,-9,-9,A,A,A,T,A,G,C,C,A,A,G,G,C,C,C,C,A,A,G,G,C,C,G,G,C,G,C,G,A,A,A,G,G,G,A,A,G,G,A,A,A,G,A,G,G,G,A,C,C,C
8,C,G,A,A,A,A,A,G,G,G,C,C,G,G,A,G,G,G,A,A,A,T,A,A,C,C,A,A,G,G,C,C,C,C,A,A,G,G,C,C,G,G,C,C,G,G,A,A,G,G,G,G,A,T,G,G,A,A,A,G,A,A,G,G,A,C,A,C
8,C,G,A,A,A,A,A,G,G,G,C,C,G,G,A,G,G,G,A,A,A,A,A,A,C,C,A,A,G,G,C,C,C,C,A,A,G,G,C,C,G,G,G,G,G,G,A,A,G,G,G,G,A,T,G,G,A,A,A,G,A,A,G,G,A,C,C,C
8,C,G,A,A,A,A,A,G,G,G,C,C,G,G,A,G,G,G,A,A,A,A,A,G,C,C,A,A,G,G,C,C,C,C,A,A,G,G,A,C,G,G,C,G,G,G,A,A,G,G,G,G,A,A,G,G,A,A,A,G,A,A,G,G,A,C,C,C
8,C,G,A,A,A,A,A,G,G,G,C,C,G,G,A,G,G,G,A,A,A,T,A,G,C,C,A,A,G,G,C,C,C,C,A,A,G,G,A,A,G,G,G,G,G,G,A,A,G,G,G,G,A,A,G,G,A,A,A,G,A,A,G,G,A,C,C,C
8,C,C,A,A,A,A,A,G,G,G,C,C,G,G,A,G,G,G,A,A,A,T,G,G,C,C,A,A,G,G,C,C,C,C,A,A,G,G,A,C,G,G,C,G,G,G,A,A,G,G,G,G,A,T,G,G,A,A,A,G,A,A,G,G,A,C,C,C
8,C,C,A,A,A,A,A,G,G,G,C,C,G,G,A,G,G,G,A,A,A,A,A,G,C,C,A,A,G,G,C,C,C,C,A,A,G,G,A,C,G,G,C,G,G,G,A,A,G,G,G,G,A,T,G,G,A,A,A,G,A,A,G,G,A,C,C,C
8,C,G,A,A,A,A,A,G,G,G,C,C,G,G,A,G,G,G,A,A,A,T,G,G,C,C,A,A,G,G,C,C,C,C,A,A,G,G,C,C,G,G,C,G,G,G,A,A,G,G,G,G,T,T,G,G,A,A,A,G,A,A,G,G,A,C,C,C
8,C,G,A,A,A,A,A,G,G,G,C,C,G,G,A,G,G,G,A,A,A,A,A,G,C,C,A,A,G,G,C,C,C,C,A,A,G,G,C,C,G,G,G,G,G,G,A,A,A,G,G,G,A,T,G,G,A,A,A,G,A,A,G,G,A,C,A,C
8,C,G,A,A,A,A,A,G,G,G,C,C,G,G,A,G,G,G,A,A,A,T,A,A,C,C,A,A,G,G,C,C,C,C,A,A,G,G,C,C,G,G,C,G,G,G,A,A,G,G,G,G,T,T,G,G,A,A,A,G,A,A,G,G,A,C,A,C
8,C,G,A,A,A,A,A,G,A,G,C,C,G,G,A,G,G,G,A,A,A,T,A,G,C,C,A,A,G,G,C,G,C,C,A,A,G,G,C,C,G,G,C,G,C,G,A,A,G,G,G,G,T,T,G,G,A,A,A,G,A,G,G,G,A,C,C,C
8,C,G,A,A,A,A,A,G,G,G,C,C,G,G,A,G,G,G,A,A,A,T,A,G,C,C,A,A,G,G,C,C,C,C,A,A,G,G,C,C,G,G,C,G,G,G,A,A,G,G,G,G,A,T,G,G,A,T,A,G,A,A,G,G,A,C,A,C
8,C,G,A,A,A,A,A,G,G,G,C,C,A,G,A,G,A,G,A,A,A,T,A,G,C,C,A,A,G,G,C,C,C,C,A,A,G,G,C,C,G,G,C,G,G,G,A,A,G,G,G,G,A,A,G,G,A,A,A,G,A,A,G,G,A,C,C,C
8,C,G,A,A,A,A,A,G,G,G,C,C,G,G,A,G,G,G,A,A,T,T,A,G,C,C,A,A,G,G,C,C,C,C,A,A,G,G,C,C,G,G,C,G,G,G,A,A,G,G,G,G,A,T,G,G,A,A,A,G,A,G,G,G,A,C,C,C
8,C,G,A,A,A,A,A,G,G,G,C,C,G,G,A,G,G,G,A,A,A,A,A,G,C,C,A,A,G,G,C,C,C,C,A,A,G,G,C,C,G,G,C,G,G,G,A,A,A,G,G,G,A,T,G,G,A,A,A,G,A,A,G,G,A,C,C,C
8,C,G,A,A,A,A,A,G,G,G,C,C,G,G,A,A,G,G,A,A,A,T,G,G,C,C,A,A,G,G,C,C,C,C,A,A,G,G,A,C,G,G,C,G,G,G,A,A,G,G,G,G,A,T,G,G,A,A,A,G,A,A,G,G,A,C,A,C
8,C,G,A,A,A,A,A,G,G,G,C,C,G,G,A,G,G,G,A,A,A,T,A,G,C,C,A,A,G,G,C,C,C,C,A,A,G,G,C,C,G,G,C,G,G,G,A,A,G,G,G,G,T,T,G,G,A,A,A,G,A,A,G,G,A,C,A,C
8,C,G,A,A,A,A,A,G,G,G,C,C,G,G,A,A,G,G,A,A,A,A,G,G,C,C,A,A,G,G,C,C,C,C,A,A,G,G,A,C,G,G,G,G,G,G,A,A,G,G,G,G,A,T,G,G,A,A,A,G,A,G,G,G,A,C,A,C
8,C,G,A,A,A,A,A,G,G,G,C,C,G,G,A,G,G,G,A,A,A,T,G,G,C,C,A,A,G,G,C,C,C,C,A,A,G,G,C,C,G,G,C,G,G,G,A,A,G,G,G,G,A,T,G,G,A,A,A,G,A,A,G,G,A,C,A,C
8,C,G,A,A,A,A,A,G,G,G,C,C,G,G,A,G,G,G,A,A,A,A,G,G,C,C,A,A,G,G,C,C,C,C,A,A,G,G,A,C,G,G,C,G,G,G,A,A,G,G,G,G,A,T,G,G,A,A,A,G,A,A,G,G,A,C,C,C
8,C,G,A,A,A,A,A,G,G,G,-9,-9,G,G,A,G,-9,-9,A,A,A,A,G,G,C,C,A,A,G,G,C,C,C,C,A,A,G,G,A,C,G,G,C,G,G,G,A,A,G,G,G,G,A,A,G,G,A,A,A,G,A,A,G,G,A,C,C,C
8,C,G,A,A,A,A,A,G,G,G,C,C,G,G,A,G,A,G,A,A,A,T,A,G,C,C,A,A,G,G,C,C,C,C,A,A,G,G,C,C,G,G,C,C,G,G,A,A,G,G,G,G,A,A,G,G,A,A,A,G,A,G,G,G,A,C,C,C
8,C,G,A,A,A,A,A,G,G,G,-9,-9,G,G,A,G,G,G,A,A,A,T,G,G,C,C,A,A,G,G,C,C,C,C,A,A,G,G,C,C,G,G,C,C,G,G,A,A,G,G,G,G,A,A,G,G,A,A,A,G,A,A,G,G,A,C,C,C
8,C,G,A,A,A,A,A,G,G,G,C,C,G,G,A,G,G,G,A,A,A,T,A,G,C,C,A,A,G,G,C,G,C,C,A,A,G,G,A,C,G,G,C,G,G,G,A,A,G,G,G,G,A,A,G,G,A,A,A,G,A,A,G,G,A,C,C,C
8,C,G,A,A,A,A,A,G,G,G,C,C,G,G,A,G,G,G,A,A,T,T,A,G,C,C,A,A,G,G,C,G,C,C,A,A,G,G,C,C,G,G,C,C,G,G,A,A,G,G,G,G,T,T,G,G,A,A,A,G,A,A,G,G,A,C,C,C
8,C,G,A,A,A,A,A,G,G,G,C,C,G,G,A,G,G,G,A,A,A,T,A,A,C,C,A,A,G,G,C,G,C,C,A,A,G,G,C,C,G,G,C,C,G,G,A,A,G,G,G,G,T,T,G,G,A,A,A,G,A,A,G,G,A,C,C,C
8,C,G,A,A,A,A,A,G,G,G,C,C,G,G,A,G,G,G,A,A,A,T,G,G,C,C,A,A,G,G,C,G,C,C,A,A,G,G,C,C,G,G,C,G,G,G,A,A,G,G,G,G,A,T,G,G,A,A,A,G,A,A,G,G,A,C,C,C
8,C,G,A,A,A,A,A,G,G,G,C,C,G,G,A,G,G,G,A,A,T,T,A,A,C,C,A,A,G,G,C,G,C,C,A,A,G,G,A,C,G,G,C,G,G,G,A,A,G,G,G,G,A,T,G,G,A,A,A,G,A,A,G,G,A,C,C,C
8,C,G,A,A,A,G,A,G,A,G,C,C,G,G,A,G,G,G,A,A,T,T,G,G,C,C,A,A,G,G,C,C,C,C,A,A,G,G,C,C,G,G,C,C,C,G,A,A,G,G,G,G,A,T,G,G,A,A,A,G,A,A,G,G,A,C,A,C
8,C,G,A,A,A,G,A,G,G,G,C,C,G,G,A,G,G,G,A,A,T,T,G,G,C,C,A,A,G,G,C,C,C,C,A,A,G,G,C,C,G,G,C,G,G,G,A,A,G,G,G,G,A,T,G,G,A,A,A,G,A,A,G,G,A,C,C,C
8,C,G,A,A,A,A,A,G,A,G,C,C,G,G,A,G,A,G,A,A,A,T,G,G,C,C,A,A,G,G,C,C,C,C,A,A,G,G,C,C,G,G,C,C,C,G,A,A,G,G,G,G,A,T,G,G,A,A,A,G,A,A,G,G,A,C,C,C
8,C,G,A,A,A,A,A,G,A,G,C,C,G,G,A,G,-9,-9,A,A,A,T,G,G,C,C,A,A,G,G,C,G,C,C,A,A,G,G,C,C,G,G,C,C,C,G,A,A,G,G,G,G,A,A,G,G,A,A,A,G,A,A,G,G,A,C,C,C
8,C,G,A,A,A,A,A,G,G,G,C,C,G,G,G,G,G,G,A,A,T,T,A,G,C,C,A,A,G,G,C,C,C,C,A,A,G,G,A,C,G,G,G,G,G,G,A,A,G,G,G,G,A,A,G,G,A,A,A,G,A,G,G,G,A,C,A,A
8,C,G,A,A,A,A,A,G,G,G,C,C,G,G,A,G,G,G,A,A,A,A,A,A,C,C,A,A,G,G,C,C,C,C,A,A,G,G,C,C,G,G,C,G,G,G,A,A,G,G,G,G,A,A,G,G,A,A,A,G,A,G,G,G,A,C,A,C
8,C,G,A,A,A,G,A,G,G,G,C,C,G,G,A,G,G,G,A,A,T,T,A,G,C,C,A,A,G,G,C,C,C,C,A,A,G,G,C,C,G,G,G,G,G,G,A,A,G,G,G,G,A,T,G,G,A,A,A,G,G,G,G,G,A,C,C,C
8,C,G,A,A,A,G,A,G,G,G,C,C,G,G,A,G,G,G,A,A,A,T,A,A,C,C,A,A,G,G,C,C,C,C,A,A,G,G,C,C,G,G,G,G,G,G,A,A,G,G,G,G,A,A,G,G,A,A,A,G,A,G,G,G,A,C,A,C
8,C,G,A,A,A,A,A,G,G,G,C,C,G,G,A,G,G,G,A,A,A,T,A,G,C,C,A,A,G,G,C,G,C,C,A,A,G,G,C,C,G,G,C,G,G,G,A,A,G,G,G,G,A,A,G,G,A,A,A,G,A,G,G,G,A,C,C,C
8,C,G,A,A,A,A,A,G,G,G,C,C,G,G,A,G,G,G,A,A,A,A,A,G,C,C,A,A,G,G,C,C,C,C,A,A,G,G,C,C,G,G,C,C,G,G,A,A,G,G,G,G,A,T,G,G,A,A,A,G,A,A,G,G,A,C,C,C
8,C,G,A,A,A,A,A,G,G,G,C,C,G,G,A,G,G,G,A,A,A,A,G,G,C,C,A,A,G,G,C,G,C,C,A,A,G,G,C,C,G,G,C,C,G,G,A,A,G,G,G,G,A,T,G,G,A,A,A,G,A,A,G,G,A,C,C,C
9,C,C,A,A,A,A,A,G,G,G,C,C,G,G,A,G,A,G,A,A,A,A,A,A,C,C,A,A,G,G,C,C,C,C,A,A,G,G,C,C,G,G,C,G,G,G,A,A,G,G,G,G,A,A,G,G,A,A,A,G,A,A,G,G,A,C,C,C
9,C,G,A,A,A,A,A,G,G,G,C,C,G,G,A,G,G,G,A,A,A,T,A,A,A,C,A,A,G,G,C,C,C,C,A,A,G,G,C,C,G,G,C,G,G,G,A,A,G,G,G,G,A,A,G,G,A,A,A,G,A,A,G,G,A,C,C,C
9,C,C,A,A,A,A,A,G,G,G,C,C,A,G,A,G,G,G,A,A,T,T,G,G,C,C,A,A,G,G,C,G,C,C,A,A,G,G,C,C,G,G,G,G,G,G,A,A,G,G,G,G,A,T,G,G,A,A,A,G,A,G,G,G,A,C,C,C
9,C,G,A,A,A,A,A,G,G,G,C,C,G,G,A,G,G,G,A,A,A,A,A,G,C,C,A,A,G,G,C,C,C,C,A,A,G,G,C,C,G,G,C,G,G,G,A,A,G,G,G,G,A,T,G,G,A,A,A,G,A,A,G,G,A,C,C,C
9,C,G,A,A,A,A,A,G,G,G,C,C,G,G,A,G,G,G,A,A,A,A,A,G,C,C,A,A,G,G,C,C,C,C,A,A,G,G,C,C,G,G,G,G,G,G,A,A,G,G,C,G,A,A,G,G,A,A,A,G,A,A,G,G,A,C,C,C
9,C,G,A,A,A,A,A,G,G,G,C,C,G,G,A,G,G,G,A,A,A,A,A,G,C,C,A,A,G,G,C,C,C,C,A,A,G,G,C,C,G,G,C,G,G,G,A,A,G,G,G,G,A,A,G,G,A,A,A,G,A,A,G,G,A,C,C,C
9,C,G,A,A,A,A,A,G,A,G,C,C,G,G,A,G,G,G,A,A,T,T,A,G,C,C,A,A,G,G,C,C,C,C,A,A,G,G,C,C,G,G,C,G,C,G,A,A,G,G,G,G,A,A,G,G,A,A,A,G,A,A,G,G,A,C,C,C
9,C,C,A,A,A,A,A,G,G,G,C,C,G,G,A,G,G,G,A,A,A,A,A,G,C,C,A,A,G,G,C,C,C,C,A,A,G,G,C,C,G,G,C,G,G,G,A,A,A,G,G,G,A,A,G,G,A,A,A,G,A,A,G,G,A,C,A,C
9,C,G,A,A,A,A,A,G,G,G,C,C,G,G,A,G,G,G,A,A,A,T,A,G,C,C,A,A,G,G,C,C,C,C,A,A,G,G,C,C,G,G,C,G,G,G,A,A,G,G,G,G,A,A,G,G,A,A,A,G,A,A,G,G,A,C,C,C
9,C,G,A,A,A,A,A,G,G,G,C,C,G,G,A,G,G,G,A,A,T,T,A,A,C,C,A,A,G,G,C,C,C,C,A,A,G,G,C,C,G,G,C,C,G,G,A,A,A,G,G,G,A,A,G,G,A,A,A,G,A,A,G,G,A,C,C,C
9,C,G,A,A,A,A,A,G,G,G,C,C,G,G,A,G,G,G,A,A,T,T,A,G,C,C,A,A,G,G,C,C,C,C,A,A,G,G,C,C,G,G,C,G,G,G,A,A,G,G,G,G,A,A,G,G,A,A,A,G,A,A,G,G,A,C,C,C
9,C,G,A,A,A,A,A,G,G,G,C,C,G,G,A,G,G,G,A,A,T,T,A,A,C,C,A,A,G,G,C,C,C,C,A,A,G,G,C,C,G,G,G,G,G,G,A,A,G,G,G,G,A,T,G,G,A,A,A,G,A,A,A,G,A,C,C,C
10,C,G,A,A,A,A,A,G,G,G,C,C,G,G,A,G,G,G,A,A,A,A,G,G,C,C,A,A,G,G,C,G,C,C,A,A,G,G,C,C,G,G,C,G,G,G,A,A,G,G,C,G,A,A,G,G,A,A,A,G,A,A,A,G,A,C,C,C
10,C,G,A,A,A,A,A,G,A,G,C,C,G,G,A,G,G,G,A,A,A,T,A,G,C,C,A,A,G,G,C,C,C,C,A,A,G,G,C,C,G,G,G,G,C,G,A,A,G,G,G,G,A,A,G,G,A,A,A,G,A,G,G,G,A,C,C,C
10,C,G,A,A,A,G,A,G,G,G,C,C,G,G,A,G,G,G,A,A,A,T,A,G,C,C,A,A,G,G,C,G,C,C,A,A,G,G,A,C,G,G,C,G,G,G,A,A,G,G,C,G,A,A,G,G,A,A,A,G,A,G,A,A,A,C,C,C
10,C,G,A,A,A,G,A,G,G,G,C,C,G,G,A,G,-9,-9,A,A,A,T,G,G,C,C,A,A,A,G,C,C,C,C,A,A,G,G,C,C,G,G,C,G,G,G,A,A,G,G,G,G,A,A,A,G,A,A,A,G,A,G,G,G,A,C,A,C
10,C,C,A,A,A,A,A,G,G,G,C,C,G,G,A,G,G,G,A,A,T,T,G,G,C,C,A,A,G,G,G,G,C,C,A,A,G,G,C,C,G,G,C,G,G,G,A,A,G,G,C,G,A,A,G,G,A,A,A,A,A,A,A,G,A,C,C,C
10,C,G,A,A,A,A,A,G,G,G,C,C,G,G,A,A,G,G,A,A,A,T,A,G,C,C,A,A,G,G,C,C,C,C,A,A,G,G,C,C,G,G,C,C,G,G,A,A,A,G,C,G,A,A,G,G,A,A,A,G,G,G,A,G,A,C,C,C
10,C,G,A,A,A,A,A,G,G,G,C,C,G,G,A,G,G,G,A,A,A,T,A,A,C,C,A,A,G,G,C,G,C,C,A,A,G,G,C,C,G,G,C,G,G,G,A,A,G,G,G,G,A,A,G,G,A,A,A,G,G,G,G,G,A,C,C,C
10,C,G,A,A,A,A,A,G,G,G,C,C,G,G,A,G,G,G,A,A,A,A,A,A,C,C,A,A,G,G,C,C,C,C,A,A,G,G,C,C,G,G,G,G,G,G,A,A,G,G,C,G,A,A,A,G,A,A,A,G,A,G,A,G,A,C,C,C
10,C,G,A,A,A,A,A,G,G,G,C,C,G,G,A,G,G,G,A,A,A,T,A,G,C,C,A,A,G,G,C,G,C,C,A,A,G,G,C,C,G,G,C,C,G,G,A,A,G,G,G,G,A,T,G,G,A,A,A,G,G,G,G,G,-9,-9,C,C
10,C,G,A,A,A,A,A,G,G,G,C,C,G,G,A,G,G,G,A,A,A,A,A,G,C,C,A,A,G,G,C,G,C,C,A,A,G,G,C,C,G,G,C,G,G,G,A,A,G,G,C,G,A,A,G,G,A,A,A,G,A,A,A,G,A,C,A,C
10,C,G,A,A,A,A,A,G,G,G,C,C,G,G,A,A,G,G,A,A,A,T,A,G,C,C,A,A,G,G,C,C,C,C,A,A,G,G,-9,-9,G,G,-9,-9,G,G,A,A,G,G,C,G,A,T,G,G,A,A,A,G,G,G,A,G,A,C,C,C
10,C,C,A,A,A,A,A,G,G,G,C,C,G,G,A,G,G,G,A,A,A,A,A,G,C,C,A,A,G,G,C,G,C,C,A,A,G,G,C,C,G,G,G,G,G,G,A,A,G,G,C,G,A,T,G,G,A,A,A,G,A,G,A,G,A,C,C,C
10,C,G,A,A,A,A,G,G,G,G,C,C,G,G,A,G,G,G,A,A,A,T,A,A,A,C,A,A,G,G,C,G,C,C,A,A,G,G,C,C,G,G,C,G,G,G,A,A,G,G,C,G,A,T,A,G,A,A,A,G,A,A,A,A,A,C,C,C
10,C,G,A,A,A,A,A,G,G,G,C,C,G,G,A,G,G,G,A,A,T,T,A,G,C,C,A,A,G,G,C,C,C,C,A,A,G,G,C,C,G,G,C,G,G,G,A,A,G,G,C,G,A,T,G,G,A,A,A,G,A,G,A,G,A,C,C,C
10,C,G,A,A,A,G,A,G,G,G,C,C,G,G,A,G,G,G,A,A,A,A,A,G,C,C,A,A,G,G,C,G,C,C,A,A,G,G,C,C,G,G,C,G,G,G,A,A,G,G,C,G,A,T,G,G,A,A,A,G,G,G,A,G,A,C,C,C
